COMERCIO,DIRECCIÓN,COMUNA,CIUDAD,TIPO DE ESTABLECIMIENTO
ALIMENTOS PEDREGAL,VITACURA 7648,VITACURA,VITACURA,SUPERMERCADOS
ALVI,DOMINGO SANTA MARIA 3897,RENCA,SANTIAGO,SUPERMERCADOS
ALVI,TENIENTE CRUZ 570,PUDAHUEL,PUDAHUEL,SUPERMERCADOS
ALVI,21 DE MAYO 1081,TALAGANTE,TALAGANTE,SUPERMERCADOS
ALVI,LAS CONDES 11097,LAS CONDES,LAS CONDES,SUPERMERCADOS
ALVI,SAN PABLO 5660,QUINTA NORMAL,QUINTA NORMAL,SUPERMERCADOS
ALVI,PAJARITOS 5100,MAIPU,MAIPU,SUPERMERCADOS
ALVI,SAN MARTIN 30,QUILICURA,QUILICURA,SUPERMERCADOS
ALVI,PAJARITOS 1637,MAIPU,MAIPU,SUPERMERCADOS
ALVI,CONCHA Y TORO 3088,PUENTE ALTO,PUENTE ALTO,SUPERMERCADOS
ALVI,JOSE MIGUEL CARRERA 13059,EL BOSQUE,EL BOSQUE,SUPERMERCADOS
ALVI,INDEPENDENCIA 4154,INDEPENDENCIA,INDEPENDENCIA,SUPERMERCADOS
ALVI,JJ PEREZ 6658,CERRO NAVIA,CERRO NAVIA,SUPERMERCADOS
ALVI,SANTA ROSA 9267,SAN RAMON,SAN RAMON,SUPERMERCADOS
ALVI,SANTA ROSA 13218,LA PINTANA,LA PINTANA,SUPERMERCADOS
ALVI,SANTA ROSA 5780,SAN JOAQUIN,SAN JOAQUIN,SUPERMERCADOS
ALVI,RECOLETA 1750,RECOLETA,RECOLETA,SUPERMERCADOS
ALVI,CAUPOLOICAN 1340,RENCA,RENCA,SUPERMERCADOS
ALVI,SAN PABLO 8685 LOCAL SAN PABLO,PUDAHUEL,PUDAHUEL,SUPERMERCADOS
ALVI,EYZAGUIRRE 2909,PUENTE ALTO,PUENTE ALTO,SUPERMERCADOS
APPIO GOURMET,"MONTEVIDEO 527, LOCAL 527, RECOLETA",RECOLETA,RECOLETA,PUNTO NATURAL
BENAT,TOBALABA 1445 PISO 1,PROVIDENCIA,PROVIDENCIA,PUNTO NATURAL
BERRY NATURAL SPA,"AV PEDRO FONTOAVA 7855, LOCAL FV 11",HUECHURABA,HUECHURABA,PUNTO NATURAL
CANASTA RAICES SANAS,CONDELL 1137,PROVIDENCIA,SANTIAGO,PUNTO NATURAL
CHILE SIN GLUTEN,LO OVALLE 494,QUILICURA,QUILICURA,PUNTO NATURAL
Comercial Piwën SpA,SERAFIN ZAMORA 49,LA FLORIDA,SANTIAGO,PUNTO NATURAL
Comercial Piwën SpA,LARRAIN 5862 MP 1511,LA REINA,SANTIAGO,PUNTO NATURAL
Comercial Piwën SpA,CONDELL 1368,PROVIDENCIA,SANTIAGO,PUNTO NATURAL
Comercial Piwën SpA,CONDELL 1368,PROVIDENCIA,SANTIAGO,PUNTO NATURAL
CONFITERIA SAZIE,SAZIE 2253,SANTIAGO,SANTIAGO,PUNTO NATURAL
CUGAT,MAIPU 806,BUIN,BUIN,SUPERMERCADOS
DULCE POLA,DEL VALLE SUR 512 LOC 102,HUECHURABA,SANTIAGO,PUNTO VERDE
Ecotienda PEWEN,SUCRE 431 LOC 2,NUÑOA,SANTIAGO,PUNTO NATURAL
EL BODEGUERO,IRARRAZABAL 1816,NUÑOA,SANTIAGO,PUNTO NATURAL
ERBI,BAJOS DE SAN AGUSTIN 0 LOC 5,CALERA DE TANGO,CALERA DE TANGO,SUPERMERCADOS
ERBI,LOS BAJOS DE SAN AGUSTIN 0 LOC 5,MELIPILLA,CALERA DE TANGO,SUPERMERCADOS
ERBI,SANTA ROSA 79 LOC 81,SANTIAGO,SANTIAGO,SUPERMERCADOS
ERBI,VICUÑA MACKENA 3011,SAN JOAQUIN,SAN JOAQUIN,SUPERMERCADOS
ERBI,GRAN AVENIDA 6279,SAN MIGUEL,SAN MIGUEL,SUPERMERCADOS
ERBI,ELIODORO YAÑEZ 1103,PROVIDENCIA,PROVIDENCIA,SUPERMERCADOS
ERBI,MERCED 711 LOC 40,MELIPILLA,MELIPILLA,SUPERMERCADOS
ERBI,LAS PERDICES 2990 LOC 40,PEÑALOLEN,PEÑALOLEN,SUPERMERCADOS
ERBI,MIGUEL CAMPINO 245,PAINE,PAINE,SUPERMERCADOS
ERBI,LOS ESTUDIANTES 8145,CERRILLOS,CERRILLOS,SUPERMERCADOS
ERBI,GERONIMO DE ALDERETE 1622,LA FLORIDA,LA FLORIDA,SUPERMERCADOS
ERBI,SANTA ROSA 905,SANTIAGO,SANTIAGO,SUPERMERCADOS
ERBI,QUIAPO 3055,PEDRO AGUIRRE CERDA,PEDRO AGUIRRE CERDA,SUPERMERCADOS
ERBI,SAN JUAN 7209,CERRILLOS,CERRILLOS,SUPERMERCADOS
ERBI,EL AGUILUCHO 3420,PROVIDENCIA,PROVIDENCIA,SUPERMERCADOS
ERBI,SAN DIEGO 936,SANTIAGO,SANTIAGO,SUPERMERCADOS
ERBI,GRAN AVENIDA 4293,LA CISTERNA,LA CISTERNA,SUPERMERCADOS
ERBI,PORTUGAL 472,SANTIAGO,SANTIAGO,SUPERMERCADOS
ERBI,GRAN AVENIDA 5783,LA CISTERNA,LA CISTERNA,SUPERMERCADOS
ERBI,DIEGO PORTALES 4290,SAN BERNARDO,SAN BERNARDO,SUPERMERCADOS
ERBI,GRAN AVENIDA 8101,LA CISTERNA,LA CISTERNA,SUPERMERCADOS
ERBI,AMBROSIO O'HIGGINS 1595,CURACAVI,CURACAVI,SUPERMERCADOS
FLORIDA NATURALS - ASUR,EL ROBLE 970,LAMPA,LAMPA,PUNTO NATURAL
FRESH EXPRESS,GENERAL JOFRE 214 LOC 6,SANTIAGO,SANTIAGO,PUNTO NATURAL
JUMBO - 'Mundo Bionatura',PIE ANDINO 4770 LOCAL J958,LA DEHESA,LA DEHESA,SUPERMERCADOS
JUMBO - 'Mundo Bionatura',SANCHEZ FONTECILLA 12000,PEÑALOLEN,PEÑALOLEN,SUPERMERCADOS
JUMBO - 'Mundo Bionatura',JOSE PEDRO ALESSANDRI 1166,NUÑOA,NUÑOA,SUPERMERCADOS
JUMBO - 'Mundo Bionatura',AMERICO VESPUCIO 1001,MAIPU,MAIPU,SUPERMERCADOS
JUMBO - 'Mundo Bionatura',VICUÑA MACKENNA 6100,LA FLORIDA,LA FLORIDA,SUPERMERCADOS
JUMBO - 'Mundo Bionatura',EL LLANO SUBERCASEAUX 3519,SAN MIGUEL,SAN MIGUEL,SUPERMERCADOS
MAYORISTA 10,SAN MARTIN 460,SAN BERNARDO,SAN BERNARDO,SUPERMERCADOS
MAYORISTA 10,GABRIELA ORIENTE 0651,PUENTE ALTO,PUENTE ALTO,SUPERMERCADOS
MAYORISTA 10,MARATHON 3123,MACUL,MACUL,SUPERMERCADOS
MAYORISTA 10,SANTA ROSA 7592,LA GRANJA,LA GRANJA,SUPERMERCADOS
MAYORISTA 10,ROJAS MAGALLANES 1856,LA FLORIDA,LA FLORIDA,SUPERMERCADOS
MAYORISTA 10,CAMILO HENRIQUEZ 5239,PUENTE ALTO,PUENTE ALTO,SUPERMERCADOS
MAYORISTA 10,AMERICO VESPUCIO 1601,CERRILLOS,CERRILLOS,SUPERMERCADOS
MAYORISTA 10,GLADYS MARIN 6664,ESTACION CENTRAL,ESTACION CENTRAL,SUPERMERCADOS
MAYORISTA 10,VICUÑA MACKENNA 7320,LA FLORIDA,LA FLORIDA,SUPERMERCADOS
MAYORISTA 10,BULNES 550,SAN BERNARDO,SAN BERNARDO,SUPERMERCADOS
MAYORISTA 10,EL SALTO 2506,RECOLETA,RECOLETA,SUPERMERCADOS
MAYORISTA 10,2 NORTE 1373,MAIPU,MAIPU,SUPERMERCADOS
MAYORISTA 10,LLICO 456,SAN JOAQUIN,SAN JOAQUIN,SUPERMERCADOS
MAYORISTA 10,SAN PABLO 8537,PUDAHUEL,PUDAHUEL,SUPERMERCADOS
